1,How,can,a,clam,cram,in,a,clean,cream,can,?,,,,,,,,,,,,,,,,,,,,,,,,,,,,
2,Can,you,can,a,can,as,a,canner,can,can,a,can,?,,,,,,,,,,,,,,,,,,,,,,,,,,
3,If,Stu,chews,shoes,",",should,Stu,choose,the,shoes,he ,chews,?,,,,,,,,,,,,,,,,,,,,,,,,,,
4,A,big,black,bug,bit,a,big,black,dog,on ,his,big,black,nose,!,,,,,,,,,,,,,,,,,,,,,,,,
5,She,sells,seashells,by ,the ,seashore,,,,,,,,,,,,,,,,,,,,,,,,,,,,,,,,,
6,We,surely,shall,see,the ,sun,shine,soon,,,,,,,,,,,,,,,,,,,,,,,,,,,,,,,
7,Lesser,leather,never,weathered,wetter,weather,better,,,,,,,,,,,,,,,,,,,,,,,,,,,,,,,,
8,I,scream,",",you,scream,",",we,all,scream,for,ice,cream,,,,,,,,,,,,,,,,,,,,,,,,,,,
9,Peter,Piper,picked,a,peck,of ,pickled,peppers,.,A,peck ,of,pickled,peppers,Peter,Piper,picked,.,If,Peter,Piper,picked,a ,peck,of ,pickled,peppers,",",Where,is,the ,peck,of ,pickled,peppers,Peter,Piper,picked,?
10,Near,an,ear,",",a,nearer,ear,",",a,nearly,eerie,ear,,,,,,,,,,,,,,,,,,,,,,,,,,,
11,Six,sick,slick,slim,sycamore,samplings,,,,,,,,,,,,,,,,,,,,,,,,,,,,,,,,,
12,A,skunk,sat,on,a,stump,and,thunk,the,stump,stunk,",",but,the,stump,thunk,the,skunk,stunk,.,,,,,,,,,,,,,,,,,,,
13,Kanpsack,straps,,,,,,,,,,,,,,,,,,,,,,,,,,,,,,,,,,,,,
14,A,noisy,noise,annoys,an,oysters,,,,,,,,,,,,,,,,,,,,,,,,,,,,,,,,,
15,Lovely,lemon,liniment,,,,,,,,,,,,,,,,,,,,,,,,,,,,,,,,,,,,
